,Keratinocyte_Cornified,Keratinocyte_Granular,Keratinocyte_Spinous,Keratinocyte_Basal,Melanocyte,Fibroblast_Papillary,Fibroblast_Reticular,Endothelial,Pericyte,Sebocyte,Sweat_Eccrine,Sweat_Apocrine,Hair,Adipocyte,Langerhans,Macrophage,T_Cell,Mast_Cell,Sensory_Corpuscle
WEAK_022,1.9911182742728653,0.02856974398734337,0.2933212044347092,0.2556790084936824,0.01818058245712964,0.0880443512110485,0.022815374047526742,0.03000778675286128,0.024303675202151848,0.027294819493418943,1.4310919541968086,0.026369784948125138,0.05944003335656243,0.034567533794986796,0.018830536175627795,0.03581162661914913,0.015549543893739925,0.048574833141568324,0.021949854794796744
WEAK_123,1.3527101441600708,0.3043570592688485,0.014178329390937312,0.02950211780445313,0.02802347426160495,0.012353670605815692,0.31564657730975465,0.009592627024502837,0.023196417387853108,0.0080728515052736,0.050921348988555944,0.010237404743576308,0.025064544627206017,0.8441202817707913,0.01533601695872322,0.010474654348390781,0.03372574767577097,0.022568980960689954,0.02318156174611588
MRK_Keratinocyte_Spinous_111,1.2052739355082775,0.29827001159554845,0.886065108858074,0.13994042862405687,0.09321359349259763,0.138588277207433,0.0834552618204713,0.3023390023700207,0.026761055441130308,0.054113063858031225,0.3091805462502395,0.04444304377423928,0.23777413857559968,0.256401901765764,0.1932671804465609,0.12372767313413355,0.05156882564277548,0.05602287661842703,0.30836924318667847
MRK_Keratinocyte_Cornified_064,1.1933214448952971,0.7111356927903181,0.5872063201809611,0.3988066202682205,0.380310207785908,0.31513122228688106,0.21595794509697752,0.20677496659426764,0.40216919920230987,0.2317976020864643,0.12449504007568862,0.20459638479692635,0.15528856084220052,0.0777540334441465,0.14912934064865002,0.11928567159802242,0.1549201077115197,0.4438355238607599,0.2965195837379361
LIN_keratinocyte_041,0.6350679634473549,0.33755408385795715,0.43935082274072945,0.2632440782841133,0.22648533267038135,0.09234496489506863,0.0801465724110944,0.1453067413941468,0.06982381067114488,0.35998153557804075,0.1715637903032353,0.3298819791984731,0.0987065998828179,0.49222584914705053,0.20200881298705178,0.20444791159687412,0.0535016624067684,0.15736412599813263,0.18030374706913088
LIN_glandular_167,0.4652334657671989,0.07601683228308574,0.3545478422949013,0.059304436821543745,0.27147413729760966,0.1211265229758841,0.10174687286791335,0.12023005632304977,0.1103924295607879,0.24260696090536496,0.4308395108413205,0.23682450926839543,0.14855016826897793,0.06611906904214958,0.20606639118462647,0.12731660065961414,0.247536171085143,0.17392135071333725,0.11754933388987991
LIN_keratinocyte_054,0.9953102371840096,1.3127296496037646,0.6666864214829218,0.37365979477930245,0.2296686343184649,0.19220536161654725,0.13095129329729663,0.29528009425787344,0.40381638081797094,0.47787432528949114,0.3843614355041026,0.049936853033164655,0.1665602240491982,0.25479729568157183,0.19036497897586738,0.23867158177521278,0.19489175548633425,0.12796009631581448,0.19731829966900313
WEAK_188,0.05465251027235286,2.277486434417415,1.2416557253251488,0.06724151191780289,0.03532092866235472,0.03601053975666429,0.027608162891341735,0.12809085579420657,0.05720625751067052,0.05137455743226875,0.05163111499269905,0.043690400494109174,0.02222495771806594,0.05402302394503868,0.030582781422529886,0.06251901614429752,0.05086033677395581,0.04244441238827043,0.06347370547284722
LIN_keratinocyte_209,0.4171871758499273,1.4837750238024603,0.2237085473330948,0.5711585484621579,0.21389563989982693,0.18576990911990016,0.2181004787328225,0.1398298523541049,0.911402539419163,0.16236372073371663,0.2967671328915579,0.10646284798513242,0.21003715003763848,0.35727803473714,0.2503675464926575,0.0628637507102716,0.6001823698605301,0.25827830314628414,0.1209396209448546
LIN_keratinocyte_097,0.20365201033506272,0.5494941616541794,0.3455909764993361,0.2748018208045452,0.06523533566435359,0.13342710625001694,0.10371568762570822,0.3417711630523167,0.07135277610032181,0.09993254099860924,0.14299327617970317,0.06295369603476425,0.27839139951368946,0.06673235125834799,0.4418386496622132,0.18845724667144614,0.07010653815212253,0.17853029107296692,0.14193628700546693
LIN_sensory_081,0.49285884470449365,1.42988072984779,0.7498649655959609,0.7978249605107346,1.0780490999608476,0.23294702878934576,0.5854269858636142,0.44225111978504655,0.2716297965339271,0.985032054703487,0.5078925331009744,0.15217094944943121,0.5915702506770392,0.35726749634584676,0.18642555812839753,0.32741957247484266,0.7517785128491277,0.3010963069684353,0.7915375638064126
WEAK_159,0.005485968195014219,1.5791724178766997,0.015708326559015814,0.5306078474517681,0.25466846260671205,0.013581261225264889,0.015328120614408415,0.010709398075547693,0.010012051848963,0.034281213169779265,0.008932557142395502,0.645999158466241,0.0044497272691268845,0.02448897284508913,0.034894831672263975,0.05388745110348738,0.032026167008245,0.05665069254923002,0.033819777348463254
WEAK_090,0.032802229638259704,3.7105683000685605,0.01779842992421245,0.07696346536414012,0.14248397661522424,0.04073237083330217,0.011461791164027551,0.03560174853339156,0.05546079280471971,1.154826674863391,0.016920373686971107,0.08203388722164288,0.5056724975765436,0.07876401086808744,0.15484678390613338,0.04197747602303766,0.04465201360120233,0.08133067331880563,0.4976112646903024
MRK_Hair_106,0.1918745632027466,0.3294135207974852,0.20888895622281523,0.10074463383083034,0.24096051459725853,0.1280255908117028,0.2256235410543731,0.3032972632617767,0.21753527957992597,0.07687967775233111,0.2972280956657207,0.15802672001540216,0.26494780118906264,0.21624032300607482,0.30863887955747193,0.13246132657608045,0.19560580484174997,0.11228323820657572,0.3122667758294262
MRK_Keratinocyte_Basal_124,0.6754857438399601,1.7189246083584928,0.459009977765638,1.1157592447119984,0.24858783595547426,0.33415153460596714,0.2570358414036932,0.24908570498634333,0.391281392858884,0.40603009749671765,0.17750195506989525,0.052547107560548326,0.22027373377551382,0.29738635587899587,0.16384923749545596,1.0842642823443054,0.4169132740835861,0.3295276876742211,0.28074208168934756
WEAK_020,0.037686018308355045,0.9906549270760537,0.05033430294868897,0.02776095557612736,0.06533653512335909,0.04604511505556254,0.06196766391769657,0.053554231600442634,0.05028933678678025,0.07297576688722318,0.016307577663585093,0.8920899915877525,0.033160918537938504,0.030827910549349503,0.01672046206865875,0.008771650042669317,0.05406054123124442,0.04861478678494069,0.037246470751359624
LIN_keratinocyte_220,0.9209404503090417,1.0079285083422922,0.4171900112108549,0.28764223483434553,0.5812132631639334,0.3478777991223156,0.11908190017386647,0.06826869997771051,0.46905539676347613,0.15641133814947686,0.7233724422335275,0.08256021315424457,0.5054925342692183,0.13831822325804036,0.5321254356218927,0.17482006941152367,0.3186722865218831,0.25832829663449314,0.12899448480100653
WEAK_036,0.49660521204728003,1.9038665408495548,0.032350810704383295,0.07843286585784075,0.04090498425543849,0.026124957447222028,0.019260411575120262,0.021958443934293248,0.04711795468052256,0.01716415908076156,0.08330716344158431,0.016478761205181682,0.029250504028103034,0.07182297397615087,0.02384538782870959,0.03030555336365261,0.054604337496891656,0.03453874894012436,0.10866692551605149
LIN_hair_034,0.3056696191571412,0.23385690230818118,0.4688658832197327,0.21704228036266657,0.15094625456149788,0.14401273864994743,0.10874648621958888,0.14282037665921343,0.10275463507837845,0.2736121934279651,0.22127297797894127,0.05683476327686667,0.32192888185434254,0.1619707791977312,0.3753350687100332,0.2644392751267648,0.21888280394409174,0.3198079566422996,0.1692049365268919
MRK_Keratinocyte_Cornified_067,0.2593362095078771,0.23992541824710673,0.6285989597356663,0.4887565247150219,0.10906512020111826,0.2215053003686519,0.2597283869634147,0.155713869961514,0.2184977095586061,0.38594710542320054,0.20037142235269614,0.21004231887377972,0.22884315841479774,0.23849555915434206,0.26401572982707094,0.2014042391090273,0.1307679117216623,0.24323878816408154,0.22560657280241697
LIN_sensory_056,0.11200410110968219,0.09814065175613813,0.48692719599357487,0.15181607159850666,0.0884468170697737,0.0874054961177629,0.2767237884449215,0.06932222786166392,0.025731021826361354,0.24174146390660703,0.12043191903431397,0.23802145029498006,0.07551563565623196,0.20932914760355611,0.07033105635329562,0.08225696507858617,0.07739408046452805,0.1363371645613035,0.2654837645656871
WEAK_127,0.44457072741007175,0.02031414244238754,1.0320801976930252,0.016257898998363586,0.017431383920203703,0.036133586833976265,0.007146148631516892,0.007649648876836332,0.01687544864954195,0.007441114046326908,0.02826000592341175,0.029544191627326168,0.07637671783080323,0.021984267210080434,0.026842460620630178,0.42302561639923913,0.02301507091593269,0.04707326700187152,0.07811299269522978
WEAK_195,0.030000908063499827,0.03226224327640316,1.3467385510041168,0.013045902788628844,0.018881370600277447,0.024032082671450756,0.026388374543971638,0.02739445960927625,0.039870744477646276,0.08565844792742731,1.17231292402183,0.8746903781827172,0.0290212166600077,0.41458357924062506,0.06830210349898018,0.3491778392124452,0.04117577599489681,0.025313524735090725,0.018194584413796365
WEAK_212,0.029849374806556247,0.05680733259236441,2.0497410331826504,0.028096369681560495,0.7051775258986197,0.014688627191745613,0.022337597507964817,0.04855495299836736,0.053540984749747,0.06901126932473137,0.02193260760002364,1.2384012792037655,0.02783458389126593,0.011747973631251034,0.009456325935147298,0.02472727152233275,0.06834218019824317,1.3170209630184058,0.031688619793171675
MRK_Endothelial_002,0.21572776196961968,0.049846488984762405,0.33361698458434275,0.16507483753786384,0.23042311154422998,0.10857272359607693,0.09195580375785194,0.16497478862109424,0.263557257798355,0.13540945716750785,0.212252282825248,0.1434856129179365,0.22211091815079798,0.11464431736429966,0.069347818026604,0.12339478218546782,0.3136072751827491,0.15461035628772377,0.036416966980617894
WEAK_226,0.047941924925390386,0.018211203280986212,1.545160838593514,0.12133571824853648,0.058995735499584125,0.044635426698451955,0.032627511204235585,0.08368529257922137,0.047686921380446126,0.024532332266956888,0.06127993719443505,0.9800011038146169,0.05950835872365681,0.038598394093772574,0.0646550281491743,1.445964558153318,0.5455895875146979,0.027695202744135256,0.0811192815954058
WEAK_232,0.030429575063528117,0.024824953686657623,6.978065454534209,0.9817391043707453,0.04001189195135459,0.019767995649743148,0.02675403865469891,0.008776832955611366,0.03262016373412729,0.7888527608906241,0.06825224532415201,0.45741195706135834,0.02383641202800818,2.305101894755335,0.07440147202116651,0.03646331825564129,0.06191666930326918,0.05173421705214825,0.02740834791752592
HK_043,2.9718510275399552,2.986258652616348,4.893958086174226,1.3948086937862323,0.8538641775263912,1.178446010842779,3.5889182979290513,1.177798669168612,3.005691148920535,2.3158609798861445,1.2330530839672997,0.8249540084872179,1.503617852564076,3.116063169576532,1.2673646522797626,2.6696035404764253,0.36931667639568105,4.104444273894924,1.6952212679567096
WEAK_063,0.010666141951415352,0.09621285567055465,2.8057329137284768,1.771643473504349,0.029061433668016317,0.023691354229219728,0.071719665661227,0.159001075787461,0.043106060942875044,1.4226251500309262,0.05380166528365015,0.0342052129358844,0.05012348836166939,0.08118827015276939,0.40820907141313084,0.03758715098365846,1.4985763590502215,0.03539983512395995,0.11354038317588533
MRK_Adipocyte_015,0.29559103412513016,0.10794328518792067,0.5396492862339352,0.1014335128321674,0.08830744586838254,0.18543933951608374,0.04337821647485496,0.10042707555883196,0.1502704460768852,0.04118429030692382,0.08987809065301444,0.20932031825094163,0.11276467600020076,0.10036567861403611,0.13167992757593508,0.12079886764272568,0.14368005812510534,0.08307872297572388,0.0844371797085349
LIN_hair_249,2.000960690323039,0.5008737880160459,0.32089702378389706,2.4134303703495052,0.5345246545543723,0.23749884278114608,0.6093465249667832,0.3529544116314817,0.7944518968649878,0.7667256269683761,0.9491733462766939,0.4669233265227508,0.7615002236792533,1.128669684739541,0.49073240335161905,0.298442790549056,0.714220998135768,0.9171733553760348,0.33876246355085954
LIN_keratinocyte_004,0.9887978905187944,0.8818266379389176,1.2144483905695862,2.425648788585883,0.0970938383939998,0.16961630130235156,0.29703732399989713,0.17750999296161524,0.3206962595506043,0.2243206303396517,0.5314177785578488,0.5121397252092429,0.27066548697937876,0.1603720989786675,0.25530242293648775,0.22718235289473054,0.2436799006239577,0.1379582394941132,0.639066830327722
LIN_adipocyte_164,0.23635223837800304,0.040579179521523186,0.25796807659058063,0.5736464027677176,0.07147362607880665,0.4743933470891976,0.3342649996153037,0.09168415028643583,0.11920948703094515,0.0386116632584145,0.30894877607883114,0.09496033119424699,0.12797174140863377,0.345373904505927,0.05455860522618937,0.08845875558713812,0.14842347552810922,0.10629042534978843,0.19797017869821373
WEAK_059,0.031099760973138085,0.018082771110793504,0.0616502528811576,1.4259901016183913,0.029657005460353335,0.05646145982249813,0.015557209292915108,0.04232324455460732,1.4155017829026755,0.043235553663331,0.023357822026263374,0.05815593423436775,0.03357793969444633,0.03517731492887592,0.048403894803824045,0.025996093625358378,0.6091650564417466,0.02008830609161123,0.08726879089181823
LIN_keratinocyte_098,0.28285611770867364,0.5386792577442653,0.4424821668637597,0.6008946147008066,0.49643451413888134,0.13600590340797764,0.514581998807042,0.11187399509486332,0.2729113769545356,0.18565390244197674,0.21924539422544007,0.10197146277634825,0.4079390288871342,0.23295404168599051,0.30274429534988156,0.2165027640343008,0.32514334935214595,0.4539592539715127,0.19758566960644863
WEAK_204,0.47715660710832036,0.020035640293686208,0.05561209272751653,0.9828029803538119,0.0567557910430649,0.012554935629673141,0.029049437652662644,0.0401349090371513,0.025149607441704656,0.03807444160351375,0.026971391825078236,0.03481819841081226,0.0776760929075313,0.01410462217967828,0.050777908885169934,0.09804018791506522,0.03755382533179016,0.07657378192494692,0.03286905121412317
LIN_keratinocyte_172,0.4035118529038167,0.8595589871345981,1.107621306102423,2.1590170115276996,0.16123354395120165,0.32102188845982566,0.23396705002860516,0.29339364419574715,0.11909504292652699,0.4852546974892572,0.20658835777442602,0.14874377130508878,0.629426926249976,0.3672322689143146,0.4175051817288852,0.15944189108327939,0.8324437334448493,0.0894879934383178,0.41635599304551024
LIN_keratinocyte_183,1.2997121346081462,1.3507788037797288,0.5485111129201005,2.004376047302597,0.38426170730374914,0.7640964283430268,1.2729030412391633,0.9199447317106728,0.30443548796057807,0.35634092479041796,0.09431821051545396,0.1257961674417589,0.18259640769488622,0.34259315781693683,0.6410408475236998,0.22516865506728553,0.45792764133905295,0.5609447286034523,1.4533764381568322
WEAK_197,0.04435952971294229,0.011567142823461869,0.0343928345538241,2.8646754449303384,0.02826540927227293,2.2741316465624184,0.045888800576048085,0.046778036850597414,0.13187049229309525,0.03158741676482982,0.022948330779551298,0.08994292454272199,0.2599988485920263,0.018913414971502177,0.038443489888072564,0.046798126663687746,0.0560368002061795,0.04225009161162,0.03547320959846611
MRK_Hair_088,0.12584663495162116,0.402326650591017,0.2686835310536973,1.1327098195727898,0.31150409224399683,0.28959639659074027,0.24468408689306095,0.1383581926935606,0.17001339673539004,0.2860825398255426,0.43206490008557563,0.8241674882438363,0.3904386267765512,0.14016754118016933,0.06633692239590125,0.13964225067227257,0.15735631021422755,0.19169381523580753,0.12927528248052703
WEAK_081,0.7806858023708576,0.032768532501846775,0.07532371725189796,2.2759323236244096,0.056422102454757546,0.05623976078130595,0.05616487952606567,0.09673961383156572,0.009325188291069451,0.013814387232960572,0.01986545150798411,0.045029507737075335,0.02844636660721148,0.04481325320493235,0.08017434164683226,0.4207341059927814,0.08948926531971003,1.0196392593847594,0.03846225135802185
HK_218,1.0974969362207314,0.28859732038389924,0.5057235622760363,7.130631821354004,0.490505945506571,0.36455434765769495,1.0851825793672374,0.339148541749799,0.5502512361275035,0.57559685372002,0.9028979013084206,0.6441223412601794,0.677020734172195,0.3847841522506301,0.19412569381669315,1.7571145175809129,0.770533813102279,0.7296250428161662,0.527437453532289
HK_293,2.5645723046306377,0.6598688906138691,0.4122771065476369,5.989123234009317,0.6533858623453692,0.4171267968319791,0.8700461322146749,0.3041171098638116,0.5496018433220397,0.4690808513648685,0.6525918702922167,0.8452051051245503,0.5583623026238405,0.6953314400972341,0.4566544042785895,0.6160721523547353,0.3255770431958902,0.6373978706980163,0.48161075588172353
MRK_Melanocyte_071,0.35486990211598457,0.4348379487703939,0.4195246904613804,0.27631581894092944,2.7972136361719095,0.4456878831351922,0.551025889073328,1.1161920630924123,0.23623799464180542,0.2816844226914807,0.30562388365334753,0.2835497907390796,0.27116826658123827,0.14739692549637418,0.22079700881779268,0.13435329950016783,0.23476702973244679,0.6022668106438926,0.25502185246579734
MRK_Melanocyte_123,0.16377592074076017,0.193155857424158,0.09674360464158271,0.20491638042319524,0.8765136282688318,0.7885009559060999,0.48952755771736317,0.18817948086589023,0.20178395321263803,0.44062928355516295,0.3215139383759252,0.23476325951131818,0.27926920848981734,0.32977266086562135,0.2178853793623139,0.18913534230438783,0.18641813231594806,0.39785603982550016,0.7113611820428402
MRK_Melanocyte_108,0.3171532327615886,0.14951943775323395,0.08828564267264974,0.29637600721532004,0.7084143590102626,0.11715632922751504,0.10629892024018726,0.21516982015321492,0.09078731193999932,0.31603097849508466,0.5781079898585951,0.4721873067110576,0.4881796591378625,0.1183596201124379,0.5293082171399209,0.11526445915578123,0.31064073240095896,0.20942098578234192,0.1221285091242725
WEAK_153,0.023079259789380007,0.5774984276473218,0.012455485365245478,0.046777889430584606,1.059173782801497,0.03637527923766462,0.041472923521590314,0.025302010566988165,0.01058912038429778,0.04034617725869896,0.03952704488552085,0.5818595258168621,0.07893951789509962,0.01969064595201982,0.01444901975525811,0.015892664474421028,0.028015699917675357,0.015330669672184329,0.024246380481775662
WEAK_155,0.03882295568983796,0.011080561299840907,0.009652733904440214,0.03468026056394864,0.40807848309453765,0.03889685916067918,0.013211141740809486,0.011300392371076998,0.008925075206579338,0.013011945867088856,0.33871782142011114,0.016407679818994412,0.009297975156937819,0.016348505884958342,0.01992456768999875,0.021015297810258845,0.023693792347661252,0.022530247445295744,0.012325934643686674
LIN_melanocyte_023,0.43920457198766494,0.35301810090453467,0.24162792777204692,0.0832263215773529,0.9501153266809594,0.48491608451114915,0.06311160312231874,0.25394163370979395,0.6023873505419677,0.32738950362985936,0.0671439094776693,0.19830192145620357,0.31465051000374916,0.42501309049768204,0.3250716866846123,0.6913649098229391,0.2908041559030984,0.2213317183864948,0.636595461856416
MRK_Melanocyte_022,0.2139695195691074,0.29873263129808764,0.06240873051053134,0.12773192946636416,0.6803752652629851,0.19714994235805294,0.32298783036875883,0.44009057212759706,0.2224139569102246,0.10268701108338146,0.4438607703202782,0.11918017318590642,0.1452483968676805,0.09689456134707751,0.01712220606377119,0.18063564723298353,0.19289778924115097,0.4092633965793681,0.19892843678982475
WEAK_092,0.029250272787848156,0.30827821396533495,0.022196435680878843,0.015094358968091392,0.7406308688742471,0.3392233138750452,0.014531829770352202,0.21203948796291036,0.041628752058837426,0.019863152716189745,0.009053241704100901,0.05255175491113213,0.03758374514732892,0.014756549986760934,0.012223558806011491,0.5736613110820966,0.028329535451672168,0.013124389827575517,0.023219159821389095
LIN_melanocyte_238,0.20097476280982407,0.6560997588888005,0.07848865660466486,0.46039391922991185,1.1036034580657987,0.11354461854577953,0.28694644332595337,0.06613245828502211,1.0539864224351168,0.2902207015356591,0.19887406068249072,0.2830344985871125,0.18064126658901855,0.2642947743467678,1.0551806559604084,0.47302434883481687,0.19008280146170334,0.5915607839970421,0.30332270975498105
LIN_melanocyte_076,0.2269221261152607,0.45091110389371397,0.2069513629215784,0.299541074395127,1.8510379735845603,0.19956215122746546,0.1552160701286828,0.37773771390837657,0.6036804235334712,0.33579329708610106,0.1879491874521389,0.5289371704419599,0.2754644994712996,0.8218889228001345,0.09813967926729732,0.3707217002877245,0.24125728169724453,0.23639245509632936,0.20971089535091786
HK_033,0.3260963608333964,1.1203205443467303,1.4240006453995626,1.5737715608798306,6.010842280469641,0.3771900864522748,4.4021050787677405,0.8867487987586753,1.0163653576650393,2.2309625693079234,2.2266711282517595,0.36537652413310207,1.3304721773563872,1.4778654643792626,1.5222684543082177,0.980742631608559,0.5448281717685266,2.1189401316695253,0.3493969277808976
WEAK_021,0.08053466188486541,0.05332083362551173,0.06754580663039848,0.03161114601847717,6.231067983693267,0.05910680074619666,0.04812418485906658,0.01096793966870485,0.04723520602729085,0.46490513451261617,0.01975144668163751,1.8731601704246192,0.13422951609157233,0.041485947381033436,0.05021006628814499,0.02821150328214204,0.0348052224205226,0.18925323132022007,0.13660203592641168
LIN_fibroblast_108,0.08064664884126331,0.12459553281196252,0.08576987497575216,0.08640602922553019,0.1320198794422453,0.22798671318899463,0.16543925890666664,0.2017171394996651,0.0851859428448854,0.07038073802157105,0.06595329631059797,0.07248121907924536,0.10984928176529198,0.06896307876675309,0.08746104334041732,0.03956212529637029,0.07425618592007285,0.08977878952956858,0.09276332985245532
LIN_fibroblast_190,0.6060380811184489,0.2659978313536034,0.3231994899909925,0.09542198556572674,0.3886611325916186,1.1823161091201722,0.6919327367469417,0.40659978684329506,0.16796433251978138,0.18793198732524513,0.4103310306279592,0.3222281308738533,0.4752619641312331,0.2594116721433252,0.43327698906834633,0.19030044810075422,0.13927120290368947,0.37302313497255046,0.9178975959400736
MRK_Fibroblast_Papillary_007,0.32534730384646315,0.18901266344670145,0.2429039279944222,0.22455178868663792,0.15069344670912674,1.402832495705825,0.7131095234154036,0.0830187053085295,0.02333903596084873,0.1412748895994273,0.24751978689926243,0.06829431528846569,0.156152429399308,0.17164962809241407,0.09273581618131968,0.16255451471374224,0.07221969358804217,0.09515239948206906,0.2893378664450421
LIN_fibroblast_149,0.43378506641198583,0.21731539191945107,0.17858090833427423,0.16675235488288156,0.28468081356652775,1.7987497622456088,0.421233102038356,0.22430539571781571,0.18076477978149588,0.38303871854307436,0.1826884413970765,0.19932847056107023,0.30706751946169764,1.6039619107354268,0.3613934447046572,0.24744872936943665,0.16708325911748695,0.1895512067722643,0.10214607788973337
HK_226,0.854776543284122,0.7110576052090074,0.5372575356979801,0.2931169401413228,0.20005235992605108,1.4370721552333958,0.45771633922102206,1.2486130224510716,0.5254093258148411,0.924907115485645,0.3914725859023721,0.4113146096133656,0.5696006998158741,0.27164846033675694,1.0910826641740177,0.8029524826455078,0.6913582969033722,0.29141382749721506,0.21510902876211835
WEAK_184,0.12923626434705462,0.006606905842686044,0.02983792758149179,0.02153508778047587,0.009091962833073989,1.8149041421003405,0.02451822295176696,0.014252708332412968,0.02011991632531617,0.012399011572249163,0.04799636628750156,0.016050241334420602,0.016930022735744666,0.011039156964135152,0.012940355444233238,0.02287930786680699,0.022197310292592927,0.013636191380715042,0.0343218966547885
WEAK_105,0.3166956729986394,0.010324837529786378,0.051330256838917204,0.010093594118494207,0.012511478821084417,0.6291588745138237,0.006732971660348288,0.01032550945365587,0.013581425560257656,0.04240396673867339,0.014416399984968997,0.012948088898180691,0.01783965260466971,0.0086402764966013,0.015055923804308483,0.01523257659850692,0.016397872313831115,0.030911972190728852,0.11447437394753825
MRK_Fibroblast_Papillary_101,0.525700689957917,0.38849866707456415,0.7400667106847707,0.31824832211667103,0.22487996524001685,5.78787145434997,2.2862258618977083,0.39466274807116464,0.5991391362373447,0.5615730936725651,0.6015554039629266,2.3775505504722307,0.20926491577694906,0.8687414285056756,0.7293890734015398,0.9610628312694112,0.47936350620861207,0.1873664473473691,0.12660448454565576
MRK_Fibroblast_Papillary_127,0.452769378573238,0.10892964861962356,0.1630380576304814,0.28835648152665505,0.36300570544681915,1.6051813639494303,1.2578024248409465,0.12092640704175499,0.24015443243894727,0.34780126287418567,0.31285402355729547,0.1604849676386916,0.28632504630741795,1.3184725245573843,0.2917651537302566,0.24297501175071876,0.28322789046144153,0.19231219817887735,0.20547727018080822
WEAK_223,0.018807285921689246,0.06320656351954301,0.02279261286555355,3.0780426370623637,0.08976479233024005,3.7891968624654524,0.11373712422942432,0.0464377415565447,0.022783805692539183,0.03133567695282722,0.04894964218616728,1.725677989298222,0.062469027041220114,0.04922775604474746,0.5900219939647738,0.4383154643647334,0.0405424607008084,0.04959836216167037,0.03467627877825757
LIN_fibroblast_206,0.26770275117087683,0.16391848328369013,0.16720548114733014,0.1482427176661525,0.16543863969078523,0.23190841474129242,0.935056006034483,0.1582514819148386,0.14726854884936613,0.13024324437898346,0.10804395513171268,0.06414921678692921,0.18339160681733194,0.045976508898933524,0.18634055697113233,0.05304951893221077,0.12625452708100285,0.042683467181223136,0.07799843231663682
LIN_fibroblast_230,0.17328247400180163,0.0910347849652253,0.03799330419110362,0.204294949578732,0.1207980056081371,0.21516663298177868,0.35411547050378384,0.04525177012637198,0.19363590681799697,0.07280957264317149,0.03255228842547985,0.06977410490481317,0.0841840513705819,0.10034121901643202,0.15157415884893594,0.06064284084918382,0.09232077805319809,0.2591100401882802,0.10152872623923297
HK_228,0.5259473226078122,0.2299300662143456,0.990833839181784,0.30946896521957296,1.009367217384524,0.6789393499602844,2.606996923303828,1.221727803910813,0.8223721840651518,0.8081661907585121,0.8124284494199937,1.1788179456030359,1.2954700290934704,0.25849324757734693,1.0627822291429811,0.7434573116950235,1.1613368629407737,0.7125511364139931,1.7408054085503637
WEAK_162,0.016424034632570753,0.017121645391835284,0.037338659705217395,0.029800679947816232,0.04073277643279565,0.06889608560384003,1.3347189428397772,0.06380299440060559,0.03003771978050542,0.028605869002905814,0.2398691731434606,0.02779936702763178,0.026941169410422062,0.03983114159434038,0.04448817429070212,0.01780310809035089,0.014286736388523917,0.042168731435708484,0.06733961997572557
MRK_Fibroblast_Reticular_035,0.9145958702908441,0.48697607429413026,0.8489309933632684,0.9287785190566604,0.8436561304548444,0.5123968974980254,2.2404909524795156,0.26513501669632766,0.8844151146422569,0.6176609796867145,0.45945971711194317,0.8753372368816845,0.39987856889707274,0.5293692437794865,1.1647746520201796,1.0779544958736424,0.5089202605523571,0.646912810168389,0.15632875184121658
LIN_fibroblast_079,1.1940577947016573,0.17896448413416788,0.10366400680006892,0.21615723445658777,0.2511308249305549,0.7585707987066316,2.13139070781422,1.2058177447466831,0.6535880684824104,0.8437909440333758,1.2376376828728664,0.5226689834925815,0.2831256095284567,0.22568674235024777,1.085085954425288,0.8068914237284475,0.2684656071262555,0.41964781885352115,1.1944556474286572
HK_075,0.5973363802166474,0.7119986449766114,1.1669268293138955,1.2593075053669147,0.8249951220427775,1.457307224913584,7.128921044472484,1.6229720475501184,0.8175266534529232,3.3543246051213083,2.6301102372960465,0.508952706157097,0.6123486453235764,0.696329108898068,1.794959122405449,1.353810054935003,1.2070863024886545,1.3217635482205032,0.6873798662817743
LIN_fibroblast_104,0.2986584076406131,0.2674166924226248,0.7003484140224318,0.31137427205840196,0.3201034575531013,1.3663010506492246,2.6372433465535257,0.14230764419258526,0.1434908715173577,0.36827681849048804,0.379066419631147,0.36235815103413127,0.1651008334957589,0.18629294925927556,0.3044292159979792,0.5111138685278326,0.2900344954968456,0.7109546725068707,0.406192408624152
WEAK_185,0.03843712236075026,0.026067667318433737,0.02722954953846327,0.7684408363404465,0.04431204293111317,0.02490842127410122,0.8031106708769756,0.023678716958517806,0.023232423902471912,0.03922817700996566,0.03289202775172839,0.013894356158266773,0.013096126527245216,0.051705382215463634,0.08282189986418981,0.40515704586548756,0.03306917033628921,0.04221650398971329,0.0644621397892181
WEAK_190,0.013045162590974393,0.10175966740093148,0.004478740418747797,0.030691704047128437,0.02366297609273059,0.5724279073499325,1.05702851944637,0.020294457646637794,0.15914882393630916,0.03570867959468942,0.0557253203290813,0.007658035775298957,0.0207699473644994,1.048208833013514,0.3504231968883429,0.05062099980353728,0.01355488820143641,0.014728070051376186,0.020271104175793423
LIN_sensory_128,0.22496190535483948,0.18307486361049788,0.1154271226061068,0.3340053649508129,0.40648128547863444,0.13185783198452952,0.8083283591743717,0.15196081372918646,0.121981599747649,0.20406154974751292,0.0584893738564608,0.2486384254923908,0.1182197505248506,0.19676778993053773,0.20773632550139268,0.33105246210910344,0.31439791888686136,0.1750026040197795,0.606113511866333
MRK_Fibroblast_Reticular_081,0.34256573844601595,0.30683573878375237,0.7401555850324459,0.8672671189826922,0.38353605790546824,0.572193102524095,1.1428517533979514,0.09777982179515089,0.7012706848325301,0.197171124102831,0.24776422728036537,0.10048775177648961,0.22222865565267286,0.4864279511291571,0.1625101862563816,0.5725325872000692,0.32452776378287135,0.19544101526686927,0.20222677279265272
WEAK_116,0.007788637071230761,0.014180557024236385,0.017898780653476654,0.029336455428973337,0.0375132714564341,0.006532156075548318,0.4394595765136118,0.011156279252889303,0.1017274449252298,0.01868000632696189,0.013138406152323135,0.040550450715540705,0.07273617043787409,0.012623164582247349,0.01346094113747155,0.011638625487602182,0.010397463721359008,0.4169109148685484,0.03648654984304254
MRK_Fibroblast_Reticular_068,0.07754071128497693,0.16475399897609866,0.07491192400535025,0.045738309133496635,0.12923366793988175,0.19118890690079252,0.3184913359842593,0.11624809833815891,0.0942136990622576,0.09103499231819388,0.12048546399750742,0.03287109071565779,0.09051638663992247,0.12990363579284978,0.07428352066722818,0.10969647989473234,0.08486445035955648,0.14384333712997027,0.1251431612255437
WEAK_173,0.02661923959324622,0.04994092363466557,0.02138817120681629,0.28816520458110184,0.04446506979253908,0.47846499100699896,0.06954792963502361,1.7043266731399866,0.07105929322768681,0.047726305469145996,0.04713139108893091,0.042928968422170956,0.05543637791856036,0.08444342459658329,0.0388181941504737,0.6669241109232513,1.6500758112973477,0.03205224706098272,0.02814772854249397
WEAK_069,0.051180677521561066,0.03566901540055098,0.012041888658052174,0.0679141017693037,0.06255269699331913,0.01188014824392941,0.3231957052310658,1.0078985718536597,0.03273664382084153,0.016151008877484364,0.57545257183698,0.013027039926029662,0.016635985522393693,0.022678776854444315,0.020562446882977824,0.011235340768010648,0.755998332408514,0.008217652091662326,0.010594030330962683
LIN_hair_242,0.3070299485921976,0.7801132706755315,0.1782762580156269,0.6519926955869204,0.4417082868468111,0.965620608493123,0.49726719299122474,1.494449039686408,0.2755020592141241,0.25384669036932883,0.17983282524270736,0.45149293425094,0.9429883707293159,0.5801418477995831,0.29955958542572175,0.3278735691034124,0.5774743213671727,0.41699133770992075,0.7031549715606437
WEAK_014,0.04336483460377927,0.4193895874528844,0.020432949434364186,0.01158065742778227,0.029797020742997338,0.016134293192003518,0.02864237092329535,0.5514539711746561,0.024865635201533447,0.05098545477143698,0.021365976055668794,0.020103453342081825,0.33602155046693033,0.023497364324647038,0.023800572529967267,0.014954326709083464,0.5363377067017916,0.048438400091914476,0.4857271933074392
MRK_Endothelial_095,0.12504485073203575,0.1943585152093928,0.29596320223038775,0.5479709454374122,0.046502253144559726,0.18580236764399805,0.21076672906905614,3.1706708363757454,0.16703536682302828,0.18055288526145968,0.0688188652384602,0.20539323445395063,0.1281941758617307,0.26499244141009565,0.10843251805448752,0.25579274978992494,0.10570138074976228,0.13905369517213284,0.19221579357577626
LIN_vascular_050,0.5453630901791016,0.13500990996601048,0.18703234960938414,0.10254006324029183,0.08819252463610339,0.16415634654882635,0.25010773551653676,0.9629892296967307,0.3408555308311459,0.2432134013573767,0.11733690214811386,0.026875411653259774,0.06504721325151372,0.19797648436903406,0.08977804989973513,0.1252655817571302,0.1805156377587984,0.06270270344893482,0.18328319143780675
LIN_vascular_137,0.04905217152458177,0.16190822643595157,0.04927921350133041,0.15060307888692792,0.07284289739248907,0.03940847708519127,0.08567617606281894,0.5244948533286836,0.44644580886287777,0.14009943494002972,0.1499137160916649,0.06129899080184068,0.16899940428514726,0.21447935601185536,0.07350711950921025,0.07675756176437273,0.09090703737505908,0.21504036971654844,0.3189010694625891
MRK_Pericyte_131,0.5457039692109287,0.6210384624176701,0.5747741115603819,0.41560860197769867,0.3118181237146196,0.8220273945808598,0.3304473739943548,1.545462206401058,0.9333298146681848,0.9793179913317737,0.37221793963141486,0.4509667374583331,0.42046836130502263,0.5453397765269451,0.11398966464368683,0.20968271998189222,0.40106570164070426,0.4766397348167651,0.32726951929224424
WEAK_002,0.0160410904116357,0.01848006943010486,0.05797914718822283,0.09118686162524278,0.019908295742770487,0.08880791026220694,0.03243227988438489,2.724586056926224,0.5777565444433246,0.6670295901211606,0.04554046528616961,0.09515209800193027,0.029180895006234518,0.0795886910154871,0.9702422767598394,0.05231000846529039,1.5546137281772205,0.046959606471173025,0.033013082749287374
WEAK_130,0.02011452548021075,0.13984707989356365,0.054026464038271806,0.3157188505562083,0.016009670262972037,0.015905347213220084,0.06649460399047954,3.3759185600131874,0.08463816279149504,1.5797574253807132,0.021716327302746224,0.016349134389715456,0.010564954458327195,0.02483895502895731,0.04285954051191356,0.7459611869180404,0.04931236417102152,0.05845468326997363,0.021642273106721406
WEAK_214,0.024165518430166195,1.3468161089985216,0.6834531312885552,0.03227107295348348,0.019640558008418442,0.012832341463369696,0.036351206046040765,1.8719359087167535,0.052377497532625224,0.011113763268777986,0.031750865444983484,0.02284756827369313,0.012943131232409923,0.007590262821232217,0.07810938168736778,0.010955133702718584,0.3050045046600399,0.03875102214624707,0.02779745790895492
LIN_vascular_064,0.3862297236519289,1.0329202661265844,0.30706067645736995,0.20063714524745843,0.5761829125522645,0.1943945212079285,0.26841091771105996,1.1246148357449113,0.4047180687234191,0.2653246131095207,0.1233280764785788,0.33844129525957833,0.37373636144162165,0.460403141488756,0.21354468222613104,0.12868421776622171,0.6029838709268142,0.4758067939962314,0.5302107727309687
WEAK_037,0.31799260261841605,0.0396524991225299,0.06784592121438955,0.013274315350942496,0.01642231998239663,0.02274327380226304,0.031626057353238375,1.9251896480453852,0.5972045391391488,0.008017672950991657,0.03303046566082254,0.028164791600079158,0.09558340848398357,0.06804975044075601,0.061948822675219915,0.025317066506321474,0.02194698330194413,0.021443884619555955,0.022593428247041494
LIN_adipocyte_075,0.20185674120180003,0.5629599179129549,0.27251649720877047,0.7955332978138393,0.6686563488731847,0.6360256912074227,0.5512156998342793,1.2375004219171888,0.4361049119348326,0.3790932505747156,0.3965957569799544,0.4380707837290505,0.6782822167322383,0.8219065709935903,0.9852819658406012,0.3579424372914001,0.8854225195416978,0.4193350838490423,0.39170623176117897
WEAK_095,0.05305122723614007,0.04785719553168718,0.029429633001088383,0.01836752401824159,0.010591698156900113,1.0245660407949142,0.02126073726456412,0.036204131355412304,1.0729944139161698,0.016369079080402003,0.019662336293266337,0.018691632267468977,0.021831548133393955,0.06333615252987473,0.005543414909888804,0.04860930802345051,0.03066990535216849,0.012661607378090352,0.014447836351722785
LIN_vascular_169,0.2876641246972106,0.24762397735429093,0.08810748187197376,0.28869499331972004,0.13259398206976608,0.05855640260194181,0.1760712397998721,0.12297465610821465,0.5626924334600928,0.15617277341992544,0.1953163137952489,0.12064110200307748,0.326769739678348,0.04766162374734606,0.12042270231005779,0.19128471806012742,0.19635701006174455,0.14942026388610846,0.3014246855261726
LIN_vascular_195,0.19368431350381676,0.36265980845120815,0.06327554295434105,0.08982701965545649,0.0592568020824218,0.1464983342790378,0.09966757848624434,0.5312720434018361,0.5630569704429013,0.14181001521487435,0.18241108458228683,0.19807859591498395,0.06479666114166804,0.19705551087486978,0.0693424466216269,0.16052134944457375,0.2044681109267005,0.1083300824281488,0.16202503785033714
LIN_vascular_066,0.17053830618911267,0.23677307503689096,0.19902038440377406,0.1978989058500935,0.13482335279007274,0.1823479090875542,0.1457927160335194,0.24278678979836554,0.2558319620444825,0.12712120724576653,0.07326234163107752,0.044318604537650914,0.08442501236926032,0.14548922065421974,0.11022075694056792,0.1022517078615186,0.08428620660015668,0.1441033258897081,0.1296141700673206
WEAK_182,0.03836328718736836,0.01056242765818158,0.019106772334831178,0.010865153802973843,0.019039968741656012,0.03206845200450848,0.30836294113063667,0.01769012872857215,1.2799546631911425,1.8463206015387723,0.011432370587241532,0.031061239501300575,0.018709493525790863,0.04093618225460967,0.01196583458760799,0.008757143420159432,0.04592103378254172,0.014370859787676243,0.02737329436530147
MRK_Sebocyte_058,0.1510195588996023,0.38936345146860474,0.09725060142809466,0.2923771097342952,0.16374953106888174,0.25123009102258625,0.2780304395145788,0.20173793036971494,0.43012672547103914,1.1328199182913798,0.3430053162946905,0.32141585672722234,0.7014293468782016,0.160249496796345,0.47583919567643845,0.16323155871897116,0.37639250658700235,0.2018831511389227,0.12381483621861297
MRK_Sebocyte_099,0.28114481660946805,0.3932329097627508,0.10070244486360816,0.13482052737437872,0.2612633557059025,0.2822253202295888,0.12266387927331768,0.22706819142731544,0.24087628597295585,1.164706494826867,0.845997602069657,0.6938090772887372,0.19789101147080548,0.5248387244241275,0.24082279525471395,0.26998453974756126,0.12817793493791727,0.20800823743065588,0.34612143581779053
LIN_glandular_196,0.17590901225028224,0.1351257984196967,0.2211942263878963,0.31691011766975863,0.1261364079955793,0.13833635547623868,0.20434945450144953,0.22073289417665137,0.112655909485805,1.7755469579004861,1.1331586676396783,0.48799055941254954,0.8124297871040902,0.3058101874404999,0.2135383666598355,0.3947707219856064,0.26401840911644964,0.293665425081962,0.19601202428268796
MRK_Fibroblast_Reticular_027,0.3137499283811215,0.49881443497157807,0.2044819093582185,0.10132988529565518,0.1770407632208815,1.0459169632506302,0.5673464666963287,0.20686463128270882,0.314449432359646,1.0579624690321041,0.3619424592271299,0.519828628311857,0.1931334309701185,0.33919388260263483,0.22073255054439272,0.09991553932466134,0.1896911982515293,0.19657713353210554,0.4663404897555019
WEAK_230,0.015316767611734018,0.026361210685057253,0.008148132316388485,0.3080298791980393,0.2793842583982277,0.03576740425706175,0.038071783792899674,0.01336828096352691,0.019804446051716836,1.2491111380297364,0.02112649176605877,0.010284834512911893,0.01468714838915565,0.028970496638983115,0.3887408100329302,0.018757861816266503,0.03746444854889885,0.02798964338388117,0.016195506260232938
MRK_Sebocyte_077,0.2577536247656599,0.1870288460294453,0.1583665186809266,0.21689361038409166,0.18172892906742796,0.07658300141864652,0.15677878774449192,0.890637920558687,0.1923247637886707,1.5080678027351881,0.5530880774771001,0.17093664303981,0.24896634005763746,0.2422838563870439,0.19163701030786218,0.2881793865989687,0.2679457478495638,0.29809512064376614,0.32495873826924365
WEAK_227,0.007049759913779725,0.02000541151686208,0.014948630735359797,0.007179354606593555,0.024376700604861152,0.0067593445475872555,0.025142253522088053,0.011505458047996055,0.026448286510005616,1.0066571578405417,0.011840239282241755,0.011850712627726447,0.18018014777222924,0.012384443125954403,0.014166786349270129,0.02100825774313551,0.012552886022386824,0.23784406426902185,0.7297069640141046
LIN_glandular_006,0.06556466004297946,0.13959114709464207,0.32039297814305306,0.15408969340546091,0.07466039915076865,0.20309493866767653,0.09271016032231884,0.20183010318395958,0.08793732129639102,0.32904081411843883,1.4046459667158893,0.31096744290359907,0.2278944269750483,0.0768325036721994,0.05245917555471466,0.09807311147846486,0.04633702065085047,0.08182780708714736,0.11802325648849288
WEAK_192,0.03196254860892707,0.017261679963790258,0.02084875929252973,0.024576912913676134,0.11852657909003306,0.025411235599298223,0.31322975415267323,0.19604176474828747,0.028722271778954724,0.040671851746996064,0.3928055940027048,0.11041304196329672,0.033644444241080214,0.024739996888765138,0.01547055267695577,0.03998386755195706,0.023660643913128766,0.0126404338371763,0.042313448427729425
WEAK_055,0.014387621276408111,0.01258563131291653,0.007169064849927449,0.010605346889931104,0.005634042523463408,0.05876825649479225,0.008053020671073476,0.005424922017749148,0.13648870286629217,0.024992393083764268,0.6386322555518215,0.31821001262120746,0.2931314171679146,0.005820568302211133,0.01096707694366877,0.00737724379824349,0.006367972921513392,0.0068803549622332965,0.018172422772900033
LIN_glandular_143,0.46591126508775926,0.40549895582152473,0.34564446543725513,1.049382828653629,0.5575151124946838,0.3152341021638533,0.2811251689784748,0.5070135461228843,0.16892834757558578,2.416314295652795,2.7378116878853658,0.7797919004428919,0.4629970720475972,1.116302096141173,0.21763150200237166,1.069233355146958,1.1763338485583807,1.1966201076870941,0.6729156435606451
WEAK_245,0.052083325939591085,0.22429878645866547,0.010692980126927857,0.9524311457590489,0.03760034505256821,0.03816707362434482,0.008224016561396425,0.06075921969840444,0.04044291043295768,0.024366441163431563,1.5482621529768512,0.021109507247144967,0.016144030269091263,0.6123965320106617,0.033579073125248146,0.03908132445698744,0.012168910451750165,0.050589949764953235,0.0277243986934827
WEAK_053,0.0403984917995123,0.029962385522058682,0.05974359163841177,0.11063409638317762,0.023443322086548094,0.03923516973642871,0.011806286389675506,0.010978388255534106,0.044361705129682974,0.01890947747346367,1.0732181529650169,0.6059762604506216,0.051479030116609106,0.03001074390164576,0.019844040681985274,0.03949716695648723,0.05600710578129652,0.5500242884845206,0.016144806247784388
WEAK_114,0.03687728773889458,0.10170664193915163,0.059561162954233506,0.02120881245354046,1.049417092640745,0.04341603915226119,0.18072909633558207,1.1783125862420047,0.009355889580107184,0.04936884665627495,2.65317206064087,0.042357938098276024,0.9368033792272928,0.03780100614524302,0.03224476679781617,0.03767228581514176,0.04338749763479643,0.040140765326188786,0.0249589942221138
LIN_hair_021,0.27634773259278933,0.15948282673942574,0.283345177975222,0.4265368961451243,0.21679937328978918,0.17918890748743413,0.10869984377377903,0.37990070711698576,0.14943824322022933,0.32352113354726075,0.7055566142974443,0.503965014614409,0.38627823927198573,0.6686445520139892,0.5390139300006401,0.6060803990502781,0.10265338757448528,0.2710313092969892,0.4361123232405529
WEAK_215,0.033297166309649635,0.6858108548951571,0.04608923884003662,0.03899702823349596,0.062002268833471874,0.027260807915748028,0.05272083142017642,0.854392275441918,0.14527859939966842,0.010351988636733237,2.235407531571199,1.0943589781472607,0.026148444463727397,0.014921179568443625,0.02023990638781517,0.024313081679560825,0.05618224053582667,0.03049014821815862,0.5374505497320563
WEAK_007,0.03833957403188862,0.009658162124926782,0.7386022800548843,0.021526736064942074,0.0433402714487211,0.021810924016470667,0.023389257680854373,0.0080289089417384,2.2138454591794168,0.03226129081644005,3.14867979037819,0.029157124605206974,0.014881475354893618,0.02657095504294705,0.029447410146167936,0.03818739247257069,0.015288719151977081,0.014796685383545465,0.02701878135430407
WEAK_032,0.04566898446257094,0.027951279128302156,0.09722129731282701,0.9272417186056449,0.044703388410561505,0.044466841609878925,0.07292804697796976,0.01940539370571686,0.01797392664629707,0.5072184474966925,0.04123337123542607,1.4746781189800537,0.03065382249894684,0.04054729204203178,0.46125989397391276,0.05317678470542267,1.0934898441501715,0.0388324356029947,0.011135512194503094
LIN_adipocyte_096,0.4693234501997327,0.22161496372203532,0.23685529713442344,0.43881420207423844,0.8585100603126112,0.6819821336960543,0.1630738070803069,0.36940050365966415,0.326185002469256,0.9492694357228781,0.35815093491277866,1.8367952980251252,0.9047942645581707,0.9001387101369254,0.7031168011317706,0.795348291285686,0.6024637352344023,0.7410731597801414,1.164271961557103
HK_254,0.7858470721458419,0.2956514497181237,0.8751560140345155,0.983827839722113,0.12619016425398447,0.9825027366630288,1.1539857160326858,2.0543890457704332,0.6304653692434758,0.7161841482767115,0.9314836484756258,3.355799607672822,1.9416718204207941,3.046417405044921,0.614016356180554,0.9317780229209703,0.839108544661464,0.46328581226968574,1.0009572183048983
HK_259,0.8977406711006494,0.8575486628193026,1.1638935528842687,1.104852153125102,0.6081022179656655,0.9399639180946,0.32256314727126645,0.5847395323309409,0.2925921253278551,1.3113115209151462,1.2355260067252505,3.1499859489651034,0.8202155068775421,0.6317294735381352,0.8012305572722278,0.4330505653030362,2.4716913600201256,0.7692898407126161,0.9111882772513363
WEAK_138,0.7310648892743447,0.012779251361502918,0.03816546995496409,0.022293851322156055,0.016499893875080583,0.006319512235941798,0.02419777921260988,0.003251385922779569,0.013529963723715023,0.027292714913833303,0.016880469621811948,1.034609013332201,0.05353797305245612,0.013126158399886165,0.005848054028196942,0.029869040034298203,0.03519147585048721,0.0037488665927626797,0.014147162332318542
LIN_glandular_178,0.14277966229605163,0.11681063620048138,0.14951884860820883,0.19335945078399408,0.3177038103299342,0.20677165972085554,0.425075533379505,0.21672815910588902,0.17749072227527735,0.5504450338324852,0.349750401099745,0.7094032440467962,0.6898153362235133,0.3501505190654321,0.3548752747343798,0.20653032210196953,0.1946766926272437,0.49500445206171234,0.3564760489926393
LIN_glandular_179,0.3383043905740624,0.23221211206645023,0.34013351447473456,0.8120150505828497,0.32589357284988696,0.6572051379322497,0.16525203935582836,0.4260603811090384,0.9943925534208643,1.6638803596598652,1.510855382218888,2.7205136589957006,0.1475847738472151,0.34721967827322164,0.41612044653882835,0.8775771456292105,0.22207263697862772,0.890233489555995,1.1582812597905117
WEAK_070,0.0247489707974638,0.025862788148994356,0.6369428841139936,0.01600729383179644,0.046844868527775266,0.6106537800399028,0.04583667441507314,0.026260256442974833,0.035682369047487526,0.7173933604464019,0.04758628783329798,1.4085519023123598,0.019075672649393246,0.027822234075946296,0.014951208383346666,0.06132983801606809,0.6947003521162722,0.02062740999647662,0.013133993533822696
WEAK_140,0.08046088762569223,0.023537581155214114,0.5517684592647026,0.015252101425151049,0.01956406350183595,0.40922461682130884,0.08307236063382492,0.5613470183126598,0.03683700060955963,0.6443812303233962,0.028625643644584788,4.164980435246774,0.02411493537733664,0.018022783046246056,0.01662530272573183,0.015236679432038429,0.03299947784355884,0.03699390740976824,0.020540754300826948
HK_208,1.1611353901412098,0.592600829695577,0.2994473995367544,1.014010704253574,0.5855388709879181,0.4934619678905396,0.7485050539121141,0.28258985529254654,1.7144010524354545,1.4756303863487916,0.8781461263453398,3.855736876787983,1.8345989426456741,0.45250447436143404,0.9454614724966066,0.728082758145212,0.3212813313504841,1.1432880680520643,0.5185494573938721
WEAK_043,0.013740005628850546,0.013861184261162712,1.5282396224642383,0.020050593892396353,0.03159204601011901,0.018160026323432346,0.31848253061822124,0.032488906041945834,0.6553121922745792,0.02086375575923958,0.021727309991354013,2.76591882341379,0.03225604755894236,0.04443703738343581,0.010028325894413194,0.023068715691379832,0.04147294995244641,0.02972858323022163,0.036038813149868114
WEAK_200,0.006601844268553355,0.019018576148542268,0.05620780466671313,0.06305384349243831,0.04199863929694988,0.06143382189363683,0.8596881264707571,0.026715458339915253,0.0247377571690209,0.007675742512047571,0.08732333616797437,1.0997238038527672,0.8588203623117041,0.06046107718465965,0.014259999368073978,0.033809563487954816,0.03060642442335579,0.05089784816009083,0.01290727957402042
WEAK_078,0.024570883383229106,0.014340228440148923,0.01541802372294618,0.4795786655484658,0.06024425956301001,0.8071599017671793,0.7386383519812165,0.05510502883117829,0.01814980518600656,0.014224873717531306,0.016776055038719435,0.040607222108372316,2.3377106498615015,0.01605391699387463,0.04560113111790547,0.02692309366679295,0.02698897545573983,0.3621365074404492,0.03519678801447587
LIN_hair_216,0.8724892061740429,0.1623895280668616,0.4391248920589526,0.20559631489623217,0.23663442432835946,0.7338557471661065,0.3361305989322749,0.12556243159845093,0.10491106236129374,0.33359844412879036,0.27264453285749535,0.4035918690661543,1.174092465144656,0.4143641369616783,0.14527278888962422,0.15159990890972036,0.06563353680885776,0.15218120689513323,0.6029234695004411
WEAK_038,0.05029803439843691,0.029603162250845905,0.9157079505148402,0.019595046714267633,0.09769208510027882,0.048576498020402564,0.024574360435732613,0.045200619116070304,0.0325404993911286,0.04196899873971672,0.0264351846760872,0.012860608222826057,1.3726592473995425,0.03588139422836514,0.045913129419628565,0.03130137950603075,0.04705316586838445,0.05780326367807664,0.02584217658705404
LIN_hair_093,0.43835730534678563,0.2604723379878062,0.7170744278890969,0.39108417921186667,0.16400286970317687,0.2280025121325742,0.28382088449178894,0.21402774911104094,0.18294224875788054,0.09245268785869938,0.22473757802428615,0.6739871892647353,3.098549235385683,0.412523025482228,0.2452169156348031,0.3057506691659379,0.358760066646845,0.2405727561388923,0.4093446970988961
LIN_hair_191,0.3655043300475601,0.21614967485501985,0.0980443060316021,0.20069251405593574,0.1660047177448023,0.1883234212983288,0.16551928391403137,0.25867433562222475,0.3377908561046051,0.2460143882910405,0.3351186683142162,0.24033247993944146,1.0480879206436464,0.08390229846197678,0.5839142426924901,0.18190684728319229,0.22990078122001179,0.5026793741541872,0.2601688084391823
WEAK_181,0.06254544060725645,0.018831450505337917,0.8426548261492516,0.01459208619133716,0.07844189917954753,0.05112539436345787,0.023311577871166014,0.05384301330930182,0.037129383867461216,0.03644108495274826,0.02648185939399717,0.062024051250643246,1.8923989649304986,0.9190485010035573,0.030440962356488906,0.8767759145016016,0.025330909037095648,0.01935203140555355,0.09862902715485444
MRK_Hair_116,0.12431710432599452,0.11450956594471529,0.23779649508532377,0.15400782866997986,0.08280087810955795,0.07415908468168718,0.135475089716895,0.04765796753402837,0.21583214468190676,0.08276255882177047,0.21251411777615123,0.05808061311079186,0.3417294875902573,0.11045510783029698,0.14206389493830246,0.12972310624138897,0.08905621640910004,0.07062199724229268,0.2160168790465867
LIN_hair_009,0.21341372188922672,0.10416258524490003,0.10106824644155647,0.15311305016309285,0.20326363849551235,0.24405420578261164,0.24074598509694728,0.32011980985522975,0.13410964899120503,0.09268981987062748,0.07018423881472571,0.22608200921072646,0.5698505199190809,0.21209278865795894,0.1826720395292719,0.3796639417357828,0.07923186765140151,0.21157045964276788,0.09753063037299722
MRK_Hair_051,0.20584622007105405,0.11470602517391003,0.6409611713673075,0.4104520984326276,0.24617816179774749,0.14700080636890728,0.16167186469985725,0.3178191398792163,0.1906438621551648,0.1420007750527323,0.18383765691467577,0.2782853608453208,1.6625741016109656,0.45177228764294436,0.08527693015082201,0.6340853445830997,0.45129890914776283,0.2783151122919885,0.24426436371377283
HK_163,0.9363468706780709,1.3478966713316822,0.6301487780106406,0.9754575476974852,1.5199746637972036,0.8887276417049973,0.9520293885836075,0.7615454858896528,2.332039546814752,2.883359523941332,1.3621055024235147,1.1098550544926697,5.530071039899511,1.0165575197672438,0.8789273506013849,1.1141204103840163,0.7196190182799156,3.336035735355471,2.292438405635981
MRK_Hair_028,0.6821703856455514,0.2087693032571749,0.4768652996828328,0.5360126255199101,0.30447864294473986,0.4930356009684085,0.2793282040671493,0.43046609303579564,0.2727035836824837,0.801395848272727,0.15409306565279673,0.6520765868908442,3.2259371976723656,0.9456585535541259,0.7006359267864665,0.20038766429848479,0.15384587479802236,0.9426509163665877,0.555260438786988
WEAK_205,1.4103460876418208,0.07484249573372484,0.053975849985743535,0.027056503093457515,0.6693832414150016,0.053786217763414065,0.05071930025921724,0.04899783054965379,0.0403040889586899,0.06958546999425969,0.2407271561709257,0.14265325464668976,2.6395968911182477,0.047191343878477766,0.08134306623311986,0.028890353004276913,0.08134042359113876,0.03758506363440076,0.022464488115774266
LIN_hair_033,0.5749328213507742,0.7710250935585685,0.3945873450768673,0.1788166511852364,0.7192027717163235,0.4054315360770846,1.182426836253456,0.33891107871342113,0.2637888075483174,0.5979576601974039,0.6406230903925021,0.4578335697549616,2.1387143361995347,0.5158477544864345,0.5046566467512998,0.27870843639984905,0.5245242460514657,0.27379197737633965,0.6695079874206764
MRK_Hair_076,0.26661099510469277,0.049948753061604685,0.20077335399963775,0.1316845762165656,0.23633796377284408,0.22510190292502374,0.2853286319503017,0.8762145071022029,0.2514556524029068,0.08501612563571095,0.5075568536902482,0.0537847747090413,2.6612843328148386,0.13971494265702955,0.24311408536945103,0.6048522920881172,0.523595614662813,0.20576529949914196,0.4172647777857412
WEAK_221,0.027513640871943863,0.019085170736640723,0.018837595506249163,0.020011550403406294,0.03254304368262739,0.01903858140715997,0.026962767421848756,1.2981885227831558,0.02802580822425385,0.9466162055480831,0.019932302711707865,0.01890288389089375,0.026705282767505705,1.4887715106853872,0.12157527173781661,0.007970199211393546,0.4693048018954803,0.042522261766932135,0.08122124708111225
WEAK_048,0.01311993934381747,0.08035280264926559,0.04004547052300758,0.028076371009825487,0.021279099447757827,0.015357831139603791,0.02371517252448208,0.03422225783611354,0.020911059620869595,0.06024629963485929,0.08131000177402614,0.5758274844190376,0.011586591303668686,1.1137498411504392,0.036126883870205906,0.1907832281330219,0.026248997081829643,0.0159532830123305,0.12506044081481785
WEAK_175,0.017457798519478276,0.24405555522176534,0.020829615564422237,0.021557285498408223,0.01319332096197126,0.014128179469513289,0.01517114874436937,0.008513245729232713,0.22179701011414846,0.01203428140055014,0.024488021215569013,0.02268476634271609,0.026937208549875007,0.29430203861886756,0.018429384809633256,0.014659763824350129,0.00881448017145513,0.055385787008048006,0.004553444921296855
MRK_Adipocyte_069,0.2844740543504606,0.5426009466434308,0.3063510007848783,0.5486210851754958,0.9842829347792713,0.47152824058126713,0.23984905068041654,0.7893380076336628,1.1013119246949783,0.5000368570666964,0.6832451089049942,0.4563828247272587,0.3639596068431911,2.582005986749437,0.42202923288608996,0.3548742164639364,0.3087042739227109,1.0597100047382624,0.3470044612352601
WEAK_168,0.06218740039933193,1.755114939073271,0.05680898772068932,0.04444179195996638,0.036118580622555574,0.01769537578237287,0.14825102065020312,0.032106381142019226,0.16375940239384593,0.010634799781910544,0.021974379003469442,0.027796719002215392,0.023526601209247575,2.0082674526490214,0.04976864283104789,0.6445093221109288,0.038522631130749094,0.06057714853370981,0.03033262737961779
HK_232,0.45148049027304005,0.5123004690909126,1.3628956031686286,0.40789632525124875,1.9724650391726382,0.7414590811998968,1.5546830639101707,0.8483921377026086,0.6757923881353874,1.6913144802750335,0.6648419675587308,0.34777995812060436,1.5258104583134542,1.9992072598673483,0.6269216083879197,0.24846400905695135,0.8637228119002515,0.84248841435407,0.7183776022185068
WEAK_072,0.05099976918370039,0.05636609761862724,0.042034522766225636,0.029710113673787758,0.030952240645821687,0.019967845684431627,0.020822900247186988,1.0912913824545092,0.012744041067399325,0.016672409571829357,0.12117460358971097,0.02826780707407464,0.803780971336745,1.9748030308421318,0.04498067873425119,0.5802252302507408,0.4801407883273919,0.0623003871031412,0.014103995182765013
WEAK_165,0.03731351599516793,0.012894368378950525,0.014136190319686322,0.009340280870376578,0.012198438039463048,0.018881913991423905,0.03423659387372452,0.0152883397678518,0.0348251014338769,0.010752503319394228,0.02738672196606654,0.09072489297752191,0.018980153042326153,0.32686965179618205,0.013616180299902182,0.012016939353619973,0.100821839390513,0.019323508136745306,0.022593688274859594
WEAK_094,0.00946800520201534,0.07604593868888879,0.3446108816541958,0.11182029286141806,0.0767865823420471,0.026738130675465075,0.04420157998831577,0.014862875782234882,0.05620794995404803,0.034318230474274215,0.026150233116800554,0.04608363420920118,0.2644711253505185,1.156305923015239,0.07404188736163379,0.18506076941095917,0.00845466866060233,0.035433246034777294,0.09329472861454222
HK_049,0.5402896623568828,1.315455924657837,0.7760368693812908,0.8608093829006688,0.9881182186646682,0.973064027561863,1.265625170437517,1.2232199345480672,1.325423611718619,2.081955507972469,1.654728446053127,1.1628883314477325,1.7553869488022817,15.116337298684533,1.115754945843737,2.5130667984190027,2.5903393682637184,1.1397145017198267,0.9432781813453965
WEAK_039,0.027849484202909867,0.05005458859535002,0.02714583060470114,0.00959050976413356,0.01286263185997687,0.04116387061595508,0.04463398614135551,0.5318678357249382,0.07532690643785696,0.0234097354040424,0.03138720480519934,0.010331495135107126,0.027892583141965275,0.5768422620225294,0.17575896966921728,0.45404704459979295,0.010969860447372585,0.01566294020984564,0.005960056246497563
WEAK_242,0.01698656560708127,0.017996463456043128,0.013848825727348602,0.005888995546823086,0.010136397277956725,0.031268739075495135,0.035592707069051085,0.01691821673816424,0.005846462479340992,0.015398273346899994,0.4397624546837333,0.02601623911288667,0.010448592448177633,0.5779778671941994,0.01380044544952512,0.03433688561780838,0.008774175136027485,0.03706725151448108,0.025733518545307258
WEAK_151,0.20355631423409856,0.04059469297832552,0.062374911749603544,0.03868654450093537,0.03005024087682279,0.04814411340339588,0.09217904380182795,0.020661883400303855,0.037229808504508105,0.05417961562131999,0.0613818249634155,0.0716517261964387,0.1837387474503732,6.658967961695898,0.05396269320068936,0.06169051107393732,0.11511536410379554,1.117012235824368,0.03097882066672627
HK_004,0.756768293555611,0.9486376340622731,1.0715301444354157,1.876390156986021,0.5733640470085003,0.38501655604090823,1.5992491956091133,3.867662792554957,0.3114635707812922,0.3707815254963621,2.3436752925528177,0.6435426978848989,0.3234247106885377,0.38432312938769164,7.079836342437413,0.5873129409937525,1.279181077466941,0.6778773460743682,0.8438574254467797
HK_156,1.721994009250337,0.4724858622444619,0.4572362603685958,0.6063330194898119,0.8484666027243347,0.6017211365057678,0.8573927172440342,1.8637219537727405,0.6820309969744932,0.933636704196238,0.5276035693105295,0.6160458306114116,0.7275602998628267,0.11205924367175603,2.2345938943935,0.6722957347702203,0.323763017220195,0.18908131289403102,0.5399284649799635
MRK_Macrophage_120,0.1817109480066058,0.12370416289337373,0.24749164895253534,0.04972082468568457,0.5135716186031022,0.23149650382581374,0.13926007548507965,0.18063323219978503,0.1133561750401562,0.13139587201084474,0.09846119274467262,0.16681483854506382,0.14841502224998263,0.13456765905553167,0.5174681353787017,0.28960826614614205,0.3172090755256995,0.35929977369417365,0.14619090013153377
LIN_vascular_229,0.21927787484271236,0.09935891101049044,0.37631157059638565,0.20717828990575463,0.20642522507913458,0.03591618836913596,0.15165176125187185,0.41099387940387505,0.39407687557382154,0.17739262837365216,0.20930802021627687,0.18915913681367819,0.2685835391709514,0.08945173683783082,0.5237383989207598,0.14214128894896838,0.22128173238173202,0.3354762692923908,0.2469316229377386
WEAK_041,0.0409805891461991,3.320171796736876,0.031881455806545854,0.02086565047427144,0.07171007858113995,0.027034322481370315,0.01442797822996558,0.02287822924189482,1.0443992527826755,0.029889141574752098,0.8351834828850114,0.0714108600061727,0.017780499219406647,0.029196061303951863,5.2647309284393815,0.01809494061811567,0.03730878218951911,0.6084728936847923,0.06518393571033086
LIN_immune_013,0.9006860657599222,0.2334730034107157,1.3462123887454334,0.5620013727754406,0.15440658402591406,0.5130715467762047,0.5158002739034847,1.0442695827606387,1.0844197585512731,0.6246673963899008,0.9234773402074664,0.6489582842669092,0.20149859696083092,0.34759667285195217,1.6634564375504697,1.650404748759874,1.4777893149671113,1.417481291076923,0.4557886299217246
WEAK_244,0.01858358812936694,0.8530046165189654,0.03972538028096684,0.016162688207391775,0.0166017261575801,0.07043615101786034,0.04466544138089219,0.018376331088112024,0.17267150817236906,0.052850678447132246,0.015945832421031213,0.017781033754979983,0.009384318335408131,0.08914567118536243,0.026140284352943015,0.9344657200616264,0.014474120633232914,0.0482602839595457,0.039840006546347624
MRK_Langerhans_083,0.3110506179556446,0.1949699412891294,0.5993399680850842,0.2272831745403751,0.253120405897984,0.364108424113163,0.5932443848219062,0.6239752491008799,0.21340021987806712,0.4250596026824879,0.10167260747899774,0.2007460168717489,0.12266991824654191,0.1455652735435147,0.8095938991867605,4.195257999359489,0.3318363556713902,1.3681104320211022,0.17916313816471308
WEAK_005,0.08112557868473232,0.027921994191689076,0.13616511920144267,0.03947235080956357,0.06630634938200634,3.54458556218851,0.03952321452728102,0.08789964782697313,0.03492982679173866,0.1305099267188407,0.11636676138962194,0.023208236083448373,1.470656013299354,0.10471334400155746,0.023889642552817697,4.173093016012941,1.619265380285923,0.0837605569304554,0.05393952737792453
WEAK_049,0.030822906841217263,0.04975225944989668,0.04786973368978694,0.0225450162808298,0.016257607077967886,0.0532817871060013,0.009677362554466698,0.033589034861735007,0.013181243672876508,0.012706218549314384,0.023345118547532955,0.021229354609925526,0.48394874003376304,0.02227017198221951,0.053091238930593455,0.6293546460749745,0.049574925983614876,0.013626210035806663,0.041243195877164664
MRK_Macrophage_114,0.2614110853976634,0.5939601955231316,0.5030496359543392,0.284623653336273,0.45079805850488186,0.6873849346011043,0.6645419730642488,0.7166476180558646,3.063373925071701,0.5006484897146901,0.6873812529281099,0.331972967929362,0.36064284074430814,0.9638550171653651,1.2647302877291706,4.455519033168479,1.3589274604858579,0.4012960361638504,0.5275268614294661
LIN_immune_112,0.32360964773860595,0.11558858480811621,0.06446849510895578,0.19864628853446545,0.3169804276943147,0.17046567550450056,0.1709509502274534,0.08216861051767908,0.09098538203729929,0.10834835524876354,0.037967177839120965,0.11728510093995599,0.15060877750714352,0.23375101120115982,0.3772477302233164,0.7506015328385949,0.6606998448615924,0.5727733378929462,0.08038712824124568
LIN_keratinocyte_130,0.441060978617012,1.1378695473677793,0.641249355289043,0.6241133132532648,0.3658168092643817,0.31768240144898136,0.7276450195159663,0.43897204211528407,0.7162287588559998,0.4336378070419531,0.3486860736483557,0.07260463253251939,0.24991885201247915,0.10485754002698582,0.3290762296417103,1.3992656413918976,0.32028299332046745,0.3033766878327198,0.19027623892261983
LIN_immune_032,0.07783884462650688,0.3477886709434726,0.3534163403708938,0.1722647137427229,0.21097450951136731,0.16130995906540993,0.14791636309411418,0.08664699290738201,0.0974105918862255,0.07500636996015148,0.13163403145668637,0.13283339720358486,0.074994563348223,0.07268546659993506,0.5771575912514234,0.9733420627549382,0.29825787013832017,0.21429392235802425,0.18308557988220212
WEAK_206,0.4036630798300325,0.031442359167175825,0.023381192988306154,0.022357422893257616,0.006303755382710937,0.009104179771937716,0.3772960761168363,0.010787100007899453,0.43417491523828006,0.009549816137385784,0.008091795898705336,0.006787767322002293,0.010384302350694286,0.027648267033286905,0.06114048322466818,0.6984288505269413,0.006969742791746993,0.1099297252301329,0.017096734368542626
WEAK_167,0.06363570883592361,0.02300902552934014,0.024066732962553353,0.037740380006005936,0.5368840089323033,0.02833803548308228,0.021030975393098682,0.03468575936197981,0.5604639492409875,0.04346002855959991,0.023164101010009774,0.019043964185052838,0.04478894777778482,0.03009343720626991,0.08540139447338958,1.252130721340218,0.025857900929494186,0.03196101592839924,0.03656551075135865
WEAK_142,0.04665025057034984,0.09257534089765043,0.5229976868513248,0.05002466761125274,0.015946317437770238,0.08073040870045602,0.022005674457788074,0.032321478075236956,0.03970697463089507,0.02470055440150123,0.07800712745482166,0.08912243850081773,0.07016327682921034,0.0674287230445143,0.1404548524208054,0.9446392465053993,0.11585558603985899,0.01625508474340177,0.03311474666524044
WEAK_098,0.03678602164365574,0.19331392509608092,0.04205645470095466,0.08558264702407116,0.04067968623116193,0.017835591242641453,0.02337907591017019,0.42346909147736034,0.2846361446390591,0.03178109612650663,0.03558555899743946,0.09133138768004323,0.7077296929067857,0.006976965848261846,0.018686682768663147,0.02113080552838682,1.097395370915406,0.11715215900928505,0.0744462913637338
LIN_melanocyte_132,0.40597659338253966,0.4585455742473737,0.08494896521446815,0.15028609450616884,0.8625028745693831,0.4462242050752268,0.4094146061139452,0.4009400598975251,0.31729378097267663,0.2229929971070794,0.6822142122218122,0.2027962483308645,1.0064983875291102,0.13742567038249964,0.2071273697859752,0.12566569465507377,1.151343473091161,0.13263480558362964,0.2828923119297498
LIN_immune_055,0.3093411256456488,0.19559895458046683,0.06476119461302245,0.4465605568527911,0.2582966215500047,0.42528627998530655,0.2265357015151572,0.22678005775464422,0.4678255744854302,0.3051348662263923,0.49107245253835885,1.0502874269653573,0.28434472657831156,0.4608242155084537,0.9396481861967187,0.32828752063251754,1.342865891800783,0.810724026089362,0.27728937253962754
LIN_immune_029,0.33498995648428564,0.26829816327125167,0.24212118057146595,0.2090601706673417,0.2192606007082072,0.29936196036101387,1.2736151018857649,0.3043602598023789,0.76839168892237,0.4907498742098062,0.8891184995197822,0.2560734971546093,0.18774713902351342,0.6338329984088539,0.7043162710771115,0.6374013618300475,1.3878093825224458,1.2286253220562517,0.37839902276163506
MRK_Mast_Cell_134,0.056292914512957676,0.19548373278273243,0.07853689435065246,0.09071279052301906,0.13605466107596687,0.059666443344878736,0.18086972058836434,0.24023480371019906,0.34978644981800616,0.13489035777008285,0.225000693996785,0.07552343814908721,0.06833140636909399,0.17674133120752455,0.8643368635509754,0.8866103111464522,1.8628755450225547,1.0477109600752714,0.224106571400282
HK_202,1.4933810009318362,1.6673659337097653,0.8198341518014206,1.353289176685872,1.3108171321752884,1.1747435992334923,1.3669813883232727,0.4120573307950536,0.8642419682197502,0.5072015048744244,0.24897115059064379,0.6876192583423141,0.5522196336403244,0.6410674281009313,2.078648633706056,0.6333043150555001,2.4864991852916423,0.8781478619040866,0.8136325643465726
HK_212,0.31355322346270076,0.9076644429415736,1.5605735523018485,0.2712508002692438,0.568221323639004,0.4337350072793871,0.6019659335464626,1.2407716253753343,0.7645919139794338,0.9999392572767094,0.27364176770888926,0.3990549795872425,0.37971612221698037,0.5608490821314186,0.3575356418694905,0.4559562561393106,3.8415891729547815,0.3415047793310533,1.0697983523771104
LIN_glandular_222,0.21500244884022923,0.16680095666871309,0.17714949960687182,0.18150631878384707,0.16862102859724018,0.17359864797949706,0.37732886973499796,0.15831434104025321,0.0865298788385653,0.13427359837844846,0.507737408678682,0.484200628530238,0.5017409828994012,0.17236502233038845,0.17376541314682192,0.14034349684260755,0.6982766007489797,0.3031113849538733,0.18631126300552103
WEAK_008,0.9355954476762051,0.0404387320400134,0.03868248447673529,0.014360666934895601,0.0445923665033321,0.07616360908393448,0.09697691975047874,0.028585621981307707,0.04339332703212361,0.048195734915188596,0.024683210472436514,0.4028174635259777,0.548792771151595,0.06592868056464496,0.03818579664158622,0.046682415358963655,1.0028218015620316,0.029714924449121462,0.03839346277631452
HK_344,0.6965497496020393,0.8837236859741067,0.7171750194203772,1.0609995990365588,2.165402537504754,0.9916841314743989,0.6541329277133585,1.3134855088015194,1.3225114641508973,1.2103016138486449,1.0889290279711281,0.49522801520071136,0.3440598202364669,1.159477898338008,0.7718501015371098,0.7046813141890876,1.2174138710815638,3.472379052802375,0.6139874957796306
LIN_immune_180,0.4658294384426722,0.17580183658561968,0.28704116656672835,0.15409552351542916,0.27420637052720975,0.6577760962501548,0.20706522017813367,0.28594831210153016,0.35301791487223216,0.30302920920084897,0.32438724911419625,0.43898420170578983,0.1257399320146915,0.1962152947032762,0.5266874742213832,0.39210683645824174,0.46218230616170336,0.7427444453035589,0.32513705936625337
LIN_immune_144,0.3226100653179318,0.18605233800828777,1.0423354449049949,0.525138501168256,0.41777605055630695,0.3484216889319591,1.0901551917710057,1.2516502272450056,0.22975925647908535,0.5542038727416503,0.7445738088464132,0.16000469636602685,0.7647445077947074,0.8684132167446875,4.307129793673171,2.0306088754354903,0.7926462541930666,4.459375157852565,0.2567353122059241
WEAK_145,0.0360796375544883,0.19271743099705366,0.020667499881815904,0.03267228039204042,0.013355243398466691,0.04437541463553535,0.05354320253466717,0.029804968239857524,0.02942201049896572,0.024874568623193576,0.037244745177926475,0.04177076289833412,0.01732205939000606,0.023045615688594274,0.015799652486290488,0.029567120346094,0.01258288640791204,2.204217970552821,0.05473413151955971
LIN_sensory_062,0.13803270799364506,0.20090546870458265,0.20705664280706165,0.10344653421224351,0.07527376062129572,0.09462412593157102,0.1082932331421786,0.2517304753320247,0.04908413483394244,0.1020335391011901,0.10261769738178593,0.15403219051468794,0.215269816901613,0.07866688374281554,0.21841186270717894,0.12878873310605984,0.06893976384267693,0.26784679702197184,0.46041038609069834
LIN_sensory_047,0.12027573565179034,0.09895914921367145,0.17421065004500952,0.6583736560428367,0.11018246288927339,0.3653802703782465,0.4211942163217722,0.25102061316649277,0.10422249702339584,1.306237711633405,0.43340657755859724,0.32301024764918,1.276092181624962,0.8880880590630078,0.23186922644287725,0.09811572285372122,0.1138121811965546,0.7179912701783783,1.3504183984136178
LIN_melanocyte_036,0.7776597714335414,0.42302504995249046,0.08977281690337767,0.13305538275447443,0.8776859367810779,0.3803780586635126,0.9561861288856172,0.27717031884118065,0.11407480738241206,0.23400822634950463,0.2205211445241155,0.5141211760611311,0.574203979053973,0.3122790049716,0.44984332969827284,0.46049428609309484,0.6374764327499547,0.39205866204237505,1.3692090376778425
LIN_sensory_105,0.07753518902194297,0.08263054113224595,0.9608696039465071,0.236783510958964,0.513743502744817,0.07859161528868308,0.15483595936284822,0.14132026154937533,0.2626854921792554,0.22220254263714934,0.2112788953569005,0.10874261860420827,0.04000749493169036,0.3729093032802584,0.15448473789160166,0.12637635611106696,0.2663604574830088,0.07718115208838644,1.0526234641869237
MRK_Sensory_Corpuscle_084,0.101075857799291,0.2723359687879994,0.1629630816781941,0.13551517901921725,0.11295958622818014,0.33882327424079905,0.13539171763368402,0.12290595998181054,0.23102397300209485,0.22692398830685503,0.23571138637678302,0.12288617780929612,0.08631014134794798,0.1107142904695433,0.23882266681653938,0.22573263380619638,0.2107832843270398,0.22554666048975036,1.14024182334681
MRK_Sensory_Corpuscle_102,0.201602354008609,0.1188783992947284,0.4737892856569692,0.10677086087563666,0.16115933227147342,0.18157835009689188,0.12343633758154968,0.259632879925862,0.24973553368596035,0.6675899736938006,0.08754057846615802,0.23095985095630756,0.06770835799886783,0.2684952953426917,0.23230878728503598,0.3040636993228693,0.13091938165860725,0.20375952812699358,1.2343100488764385
MRK_Langerhans_121,0.1332248924773976,0.026656275376319843,0.20694364804060708,0.06285522037227384,0.09629252182117154,0.2241752962918939,0.027082080519400083,0.04470477378365813,0.06050813699518168,0.23908265301023582,0.21008785967192198,0.0533091759802479,0.08216862130937802,0.08796619302738826,0.17465765231508207,0.18603058894318736,0.24032359035603126,0.13157252365457603,0.47996046370462214
MRK_Sensory_Corpuscle_032,0.0581225984774276,0.08503062714825665,0.3559006947910672,0.14842656861646183,0.21166745065384163,0.22588177115261338,0.2909291786151308,0.24038853868191754,0.33001558802256215,0.10316315435024259,0.3315121427535928,0.08310728352849776,0.1245321874351688,0.12950086134312683,0.09479905801877123,0.1521960371294887,0.2644817960228376,0.10122201066751181,0.5042267151000304
WEAK_034,0.038957776882009465,2.0381909129635107,0.03255073013499718,0.046810034155369974,0.060230901467943354,1.5894463107975425,0.033660192782608074,0.9508684130746902,0.0285884439871867,0.030323389310983193,0.0845312975491735,0.05143411722627642,0.6608347009869089,0.03192488040579801,0.035748191738600846,0.053164927805667575,0.026691881698959113,0.05364675508233722,2.0466946502244525
WEAK_103,0.02662952437265921,0.017740257869690725,0.020277243284351983,0.053610035243389205,0.015687387362175984,0.01704428625546459,0.06107485430649457,0.04213138251072646,0.038622803071251995,0.017474391684153778,0.02179545183547816,0.03600532784635612,0.027542122337759906,0.017473561400965707,0.012219488414599775,0.017889272453483086,0.041355560163130314,0.7989911449135603,2.6079767781552143
WEAK_117,0.03669412839982763,0.0482219499417478,0.07125540401082554,0.03753822193785697,0.04590079433046886,0.09491974852453772,0.1004465640539791,0.05915207096405123,0.02260103428582555,1.2081126829290136,0.05425140869446006,0.0422247059823022,0.10976528152114573,0.0515332783481874,0.9927479316138125,0.11997514634730437,0.016949351458902185,0.03957078248165056,3.409788496038083
LIN_sensory_140,0.07785692490934591,0.14813887100362652,0.11038249934283306,0.0644006736622419,0.2790362191847854,0.0772986013056805,0.02885859510058573,0.1315862275654617,0.22148968208887773,0.13853180203661383,0.07355641403476922,0.11121202011879082,0.09827988448425366,0.08532166798710239,0.2673554743245829,0.061128302464159116,0.12434932592750324,0.035373540339473285,0.7316655593863575
LIN_sensory_136,0.23901939901512562,0.2425183979408073,0.07251893270402797,0.2042704509134617,0.2302002932501175,0.11334750394498895,0.18818724259092962,0.10103229492482077,0.29675912170876234,0.05846983675107126,0.13216380320472623,0.1082019888240607,0.16084941133480296,0.2802293900399279,0.13088813189232618,0.34248670956723665,0.6577155887078072,0.5152252091107627,0.9626042945226034
HK_081,0.43245046239063434,1.1065893016285022,0.6110467365053238,0.3758688656840867,0.25031771826999594,0.40530068537581726,1.720809580617992,0.5490444730112637,0.4994351837653809,0.6180626519322288,1.2800482096906203,0.4576893396723282,0.42179757694694314,1.0044498817343785,0.5599024412900985,0.8443916985059047,0.6010826481848047,1.1811518221904886,1.7841594977800208
HK_219,0.6860789162106548,0.6469842110047616,0.8762227178658484,2.431977569565847,0.8961447536239289,0.3092251838010285,1.4543837679016665,0.9807399169377179,0.8038527270626006,0.6513728535563907,3.935515975700602,2.1889632981974074,1.0102000901247568,1.1053919988931036,0.44454828190409534,2.8033080100481205,1.664146837547644,0.914086265810906,4.189282635736456
WEAK_220,0.05152491367695657,0.020250867658435125,0.03485081996590976,0.3343860718739963,0.008950919694183608,0.028188075970101322,0.023432481679151754,0.019259067756027336,0.027704213556301635,0.02515822303481134,0.025369428415726685,0.011564237968078617,0.03657006273153315,0.013742289597978023,0.4133535200719143,0.06034342962585085,0.221690479777999,0.027900797339175585,0.4555149006910972
